{
    "m_saveShapeDatas": [
        {
            "name": "Cylinder",
            "objectPosition": {
                "x": -0.018018662929534913,
                "y": 0.5043575763702393,
                "z": -5.769999980926514
            }
        },
        {
            "name": "Cube",
            "objectPosition": {
                "x": 1.2999999523162842,
                "y": 0.5000000596046448,
                "z": -5.230000019073486
            }
        }
    ]
}